schema,objeto,rls_activa,relacl
ma,comprobantes_arca,true,"{postgres=arwdDxtm/postgres,anon=arwdDxtm/postgres,authenticated=arwdDxtm/postgres,service_role=arwd/postgres}"
ma,comprobantes_venta,true,"{postgres=arwdDxtm/postgres,anon=arwdDxtm/postgres,authenticated=arwdDxtm/postgres,service_role=arwd/postgres}"
ma,grupos_pago,false,"{postgres=arwdDxtm/postgres,anon=arwdDxtm/postgres,authenticated=arwdDxtm/postgres,service_role=arwdDxtm/postgres}"
ma,ma_galicia,true,"{postgres=arwdDxtm/postgres,anon=arwdDxtm/postgres,authenticated=arwdDxtm/postgres,service_role=arwd/postgres}"
ma,tarjeta_visa,false,"{postgres=arwdDxtm/postgres,anon=arwdDxtm/postgres,authenticated=arwdDxtm/postgres,service_role=arwdDxtm/postgres}"
msa,caja_ams,false,"{postgres=arwdDxtm/postgres,anon=arwdDxtm/postgres,authenticated=arwdDxtm/postgres,service_role=arwdDxtm/postgres}"
msa,caja_general,false,"{postgres=arwdDxtm/postgres,anon=arwdDxtm/postgres,authenticated=arwdDxtm/postgres,service_role=arwdDxtm/postgres}"
msa,caja_sigot,false,"{postgres=arwdDxtm/postgres,anon=arwdDxtm/postgres,authenticated=arwdDxtm/postgres,service_role=arwdDxtm/postgres}"
msa,cheques,false,"{postgres=arwdDxtm/postgres,anon=arwd/postgres,authenticated=arwd/postgres,service_role=arwd/postgres}"
msa,comprobantes_arca,true,"{postgres=arwdDxtm/postgres,anon=arwdDxtm/postgres,authenticated=arwdDxtm/postgres,service_role=arwdDxtm/postgres}"
msa,comprobantes_historico,false,"{postgres=arwdDxtm/postgres,anon=arwdDxtm/postgres,authenticated=arwdDxtm/postgres,service_role=arwdDxtm/postgres}"
msa,comprobantes_venta,true,"{postgres=arwdDxtm/postgres,anon=arwdDxtm/postgres,authenticated=arwdDxtm/postgres,service_role=arwd/postgres}"
msa,grupos_pago,false,"{postgres=arwdDxtm/postgres,anon=arwdDxtm/postgres,authenticated=arwdDxtm/postgres,service_role=arwdDxtm/postgres}"
msa,retenciones_recibidas,false,"{postgres=arwdDxtm/postgres,anon=arwd/postgres,authenticated=arwd/postgres,service_role=arwd/postgres}"
msa,sicore_retenciones,true,"{postgres=arwdDxtm/postgres,anon=arwd/postgres,authenticated=arwd/postgres,service_role=arwd/postgres}"
msa,tarjeta_visa_business,false,"{postgres=arwdDxtm/postgres,anon=arwdDxtm/postgres,authenticated=arwdDxtm/postgres,service_role=arwdDxtm/postgres}"
msa,ventas,true,"{postgres=arwdDxtm/postgres,anon=arwdDxtm/postgres,authenticated=arwdDxtm/postgres,service_role=arwd/postgres}"
msa,ventas_comprobantes,true,"{postgres=arwdDxtm/postgres,anon=arwdDxtm/postgres,authenticated=arwdDxtm/postgres,service_role=arwd/postgres}"
pam,comprobantes_arca,false,"{postgres=arwdDxtm/postgres,anon=arwdDxtm/postgres,authenticated=arwdDxtm/postgres,service_role=arwdDxtm/postgres}"
pam,comprobantes_historico,false,"{postgres=arwdDxtm/postgres,anon=arwdDxtm/postgres,authenticated=arwdDxtm/postgres,service_role=arwdDxtm/postgres}"
pam,comprobantes_venta,true,"{postgres=arwdDxtm/postgres,anon=arwdDxtm/postgres,authenticated=arwdDxtm/postgres,service_role=arwdDxtm/postgres}"
pam,grupos_pago,false,"{postgres=arwdDxtm/postgres,anon=arwdDxtm/postgres,authenticated=arwdDxtm/postgres,service_role=arwdDxtm/postgres}"
pam,tarjeta_visa,false,"{postgres=arwdDxtm/postgres,anon=arwdDxtm/postgres,authenticated=arwdDxtm/postgres,service_role=arwdDxtm/postgres}"
productivo,actividad_insumo_ajustes,true,"{postgres=arwdDxtm/postgres,anon=arwd/postgres,authenticated=arwd/postgres,service_role=arwd/postgres}"
productivo,actividad_insumos,true,"{postgres=arwdDxtm/postgres,anon=arwdDxtm/postgres,authenticated=arwdDxtm/postgres,service_role=arwdDxtm/postgres}"
productivo,actividades,true,"{postgres=arwdDxtm/postgres,anon=arwdDxtm/postgres,authenticated=arwdDxtm/postgres,service_role=arwdDxtm/postgres}"
productivo,cargas,false,"{postgres=arwdDxtm/postgres,anon=arwdDxt/postgres,authenticated=arwdDxt/postgres,service_role=arwdDxt/postgres}"
productivo,categorias_hacienda,true,"{postgres=arwdDxtm/postgres,anon=arwdDxtm/postgres,authenticated=arwdDxtm/postgres,service_role=arwd/postgres}"
productivo,categorias_insumo,true,"{postgres=arwdDxtm/postgres,anon=arwdDxtm/postgres,authenticated=arwdDxtm/postgres,service_role=arwd/postgres}"
productivo,ciclos_cria,true,"{postgres=arwdDxtm/postgres,anon=arwd/postgres,authenticated=arwd/postgres,service_role=arwd/postgres}"
productivo,ciclos_recria,true,"{postgres=arwdDxtm/postgres,anon=arwd/postgres,authenticated=arwd/postgres,service_role=arwd/postgres}"
productivo,consumo_declarado_insumo,true,"{postgres=arwdDxtm/postgres,anon=arwd/postgres,authenticated=arwd/postgres,service_role=arwd/postgres}"
productivo,destino_rutas,true,"{postgres=arwdDxtm/postgres,anon=arwd/postgres,authenticated=arwd/postgres,service_role=arwd/postgres}"
productivo,destinos_venta,true,"{postgres=arwdDxtm/postgres,anon=arwd/postgres,authenticated=arwd/postgres,service_role=arwd/postgres}"
productivo,detalle_descarte,true,"{postgres=arwdDxtm/postgres,anon=arwdDxtm/postgres,authenticated=arwdDxtm/postgres,service_role=arwdDxtm/postgres}"
productivo,entrega_factura,true,"{postgres=arwdDxtm/postgres,anon=arwd/postgres,authenticated=arwd/postgres,service_role=arwd/postgres}"
productivo,intermediarios_venta,true,"{postgres=arwdDxtm/postgres,anon=arwd/postgres,authenticated=arwd/postgres,service_role=arwd/postgres}"
productivo,labores,true,"{postgres=arwdDxtm/postgres,anon=arwdDxtm/postgres,authenticated=arwdDxtm/postgres,service_role=arwd/postgres}"
productivo,lineas_orden_agricola,true,"{postgres=arwdDxtm/postgres,anon=arwdDxtm/postgres,authenticated=arwdDxtm/postgres,service_role=arwd/postgres}"
productivo,lineas_orden_agricola_labores,true,"{postgres=arwdDxtm/postgres,anon=arwdDxtm/postgres,authenticated=arwdDxtm/postgres,service_role=arwd/postgres}"
productivo,lineas_orden_aplicacion,true,"{postgres=arwdDxtm/postgres,anon=arwdDxtm/postgres,authenticated=arwdDxtm/postgres,service_role=arwd/postgres}"
productivo,lineas_orden_labores,true,"{postgres=arwdDxtm/postgres,anon=arwdDxtm/postgres,authenticated=arwdDxtm/postgres,service_role=arwd/postgres}"
productivo,lote_tramos,true,"{postgres=arwdDxtm/postgres,anon=arwdDxtm/postgres,authenticated=arwdDxtm/postgres,service_role=arwdDxtm/postgres}"
productivo,lotes_agricolas,true,"{postgres=arwdDxtm/postgres,anon=arwdDxtm/postgres,authenticated=arwdDxtm/postgres,service_role=arwd/postgres}"
productivo,mediciones_insumo,true,"{postgres=arwdDxtm/postgres,anon=arwd/postgres,authenticated=arwd/postgres,service_role=arwd/postgres}"
productivo,movimientos_hacienda,true,"{postgres=arwdDxtm/postgres,anon=arwdDxtm/postgres,authenticated=arwdDxtm/postgres,service_role=arwd/postgres}"
productivo,movimientos_insumos,true,"{postgres=arwdDxtm/postgres,anon=arwd/postgres,authenticated=arwd/postgres,service_role=arwd/postgres}"
productivo,normas_desbaste,true,"{postgres=arwdDxtm/postgres,anon=arwd/postgres,authenticated=arwd/postgres,service_role=arwd/postgres}"
productivo,normas_rinde,true,"{postgres=arwdDxtm/postgres,anon=arwd/postgres,authenticated=arwd/postgres,service_role=arwd/postgres}"
productivo,ordenes_agricolas,true,"{postgres=arwdDxtm/postgres,anon=arwdDxtm/postgres,authenticated=arwdDxtm/postgres,service_role=arwd/postgres}"
productivo,ordenes_aplicacion,true,"{postgres=arwdDxtm/postgres,anon=arwdDxtm/postgres,authenticated=arwdDxtm/postgres,service_role=arwd/postgres}"
productivo,ordenes_aplicacion_rodeos,true,"{postgres=arwdDxtm/postgres,anon=arwdDxtm/postgres,authenticated=arwdDxtm/postgres,service_role=arwdDxtm/postgres}"
productivo,pesadas_terneros,false,"{postgres=arwdDxtm/postgres,anon=arwdDxtm/postgres,authenticated=arwdDxtm/postgres,service_role=arwdDxtm/postgres}"
productivo,romaneo_lineas,false,"{postgres=arwdDxtm/postgres,anon=arwd/postgres,authenticated=arwd/postgres,service_role=arwd/postgres}"
productivo,romaneo_medias,false,"{postgres=arwdDxtm/postgres,anon=arwd/postgres,authenticated=arwd/postgres,service_role=arwd/postgres}"
productivo,romaneos,false,"{postgres=arwdDxtm/postgres,anon=arwd/postgres,authenticated=arwd/postgres,service_role=arwd/postgres}"
productivo,stock_ciclos,true,"{postgres=arwdDxtm/postgres,anon=arwdDxtm/postgres,authenticated=arwdDxtm/postgres,service_role=arwdDxtm/postgres}"
productivo,stock_hacienda,true,"{postgres=arwdDxtm/postgres,anon=arwdDxtm/postgres,authenticated=arwdDxtm/postgres,service_role=arwd/postgres}"
productivo,stock_insumos,true,"{postgres=arwdDxtm/postgres,anon=arwdDxtm/postgres,authenticated=arwdDxtm/postgres,service_role=arwd/postgres}"
productivo,stock_lotes,true,"{postgres=arwdDxtm/postgres,anon=arwdDxtm/postgres,authenticated=arwdDxtm/postgres,service_role=arwdDxtm/postgres}"
productivo,stock_ventas,true,"{postgres=arwdDxtm/postgres,anon=arwdDxtm/postgres,authenticated=arwdDxtm/postgres,service_role=arwdDxtm/postgres}"
productivo,tarifas_flete,true,"{postgres=arwdDxtm/postgres,anon=arwd/postgres,authenticated=arwd/postgres,service_role=arwd/postgres}"
productivo,terneros,false,"{postgres=arwdDxtm/postgres,anon=arwdDxtm/postgres,authenticated=arwdDxtm/postgres,service_role=arwdDxtm/postgres}"
public,anticipos_facturas,false,"{postgres=arwdDxtm/postgres,anon=arwdDxtm/postgres,authenticated=arwdDxtm/postgres,service_role=arwdDxtm/postgres}"
public,anticipos_proveedores,false,"{postgres=arwdDxtm/postgres,anon=arwdDxtm/postgres,authenticated=arwdDxtm/postgres,service_role=arwdDxtm/postgres}"
public,arca_descargas_log,true,"{postgres=arwdDxtm/postgres,anon=arwdDxtm/postgres,authenticated=arwdDxtm/postgres,service_role=arwdDxtm/postgres}"
public,arca_pdf_busqueda_log,false,"{postgres=arwdDxtm/postgres,anon=arwdDxtm/postgres,authenticated=arwdDxtm/postgres,service_role=arwdDxtm/postgres}"
public,boletas_arba,false,"{postgres=arwdDxtm/postgres,anon=arwdDxtm/postgres,authenticated=arwdDxtm/postgres,service_role=arwdDxtm/postgres}"
public,campo_campana_actividad,false,"{postgres=arwdDxtm/postgres,anon=arwdDxtm/postgres,authenticated=arwdDxtm/postgres,service_role=arwdDxtm/postgres}"
public,campo_partidas,false,"{postgres=arwdDxtm/postgres,anon=arwdDxtm/postgres,authenticated=arwdDxtm/postgres,service_role=arwdDxtm/postgres}"
public,campos,false,"{postgres=arwdDxtm/postgres,anon=arwdDxtm/postgres,authenticated=arwdDxtm/postgres,service_role=arwdDxtm/postgres}"
public,centros_costo,true,"{postgres=arwdDxtm/postgres,anon=arwdDxtm/postgres,authenticated=arwdDxtm/postgres,service_role=arwdDxtm/postgres}"
public,config_parseo_extracto,true,"{postgres=arwdDxtm/postgres,anon=arwdDxtm/postgres,authenticated=arwdDxtm/postgres,service_role=arwdDxtm/postgres}"
public,contratos_arrendamiento,true,"{postgres=arwdDxtm/postgres,anon=arwdDxtm/postgres,authenticated=arwdDxtm/postgres,service_role=arwdDxtm/postgres}"
public,control_has_por_campana,false,"{postgres=arwdDxtm/postgres,anon=arwdDxtm/postgres,authenticated=arwdDxtm/postgres,service_role=arwdDxtm/postgres}"
public,cuentas_contables,true,"{postgres=arwdDxtm/postgres,anon=arwdDxtm/postgres,authenticated=arwdDxtm/postgres,service_role=arwdDxtm/postgres}"
public,cuotas_arrendamiento,true,"{postgres=arwdDxtm/postgres,anon=arwdDxtm/postgres,authenticated=arwdDxtm/postgres,service_role=arwdDxtm/postgres}"
public,cuotas_egresos_sin_factura,true,"{postgres=arwdDxtm/postgres,anon=arwdDxtm/postgres,authenticated=arwdDxtm/postgres,service_role=arwdDxtm/postgres}"
public,distribucion_socios,true,"{postgres=arwdDxtm/postgres,anon=arwdDxtm/postgres,authenticated=arwdDxtm/postgres,service_role=arwdDxtm/postgres}"
public,egresos_sin_factura,true,"{postgres=arwdDxtm/postgres,anon=arwdDxtm/postgres,authenticated=arwdDxtm/postgres,service_role=arwdDxtm/postgres}"
public,indices_ipc,true,"{postgres=arwdDxtm/postgres,anon=arwdDxtm/postgres,authenticated=arwdDxtm/postgres,service_role=arwdDxtm/postgres}"
public,lotes_transferencias,false,"{postgres=arwdDxtm/postgres,anon=arwdDxtm/postgres,authenticated=arwdDxtm/postgres,service_role=arwdDxtm/postgres}"
public,mails_pago,false,"{postgres=arwdDxtm/postgres,anon=arwdDxtm/postgres,authenticated=arwdDxtm/postgres,service_role=arwdDxtm/postgres}"
public,msa_galicia,true,"{postgres=arwdDxtm/postgres,anon=arwdDxtm/postgres,authenticated=arwdDxtm/postgres,service_role=arwdDxtm/postgres}"
public,notas_capturas,true,"{postgres=arwdDxtm/postgres,anon=arwdDxtm/postgres,authenticated=arwdDxtm/postgres,service_role=arwdDxtm/postgres}"
public,notas_para_claude,true,"{postgres=arwdDxtm/postgres,anon=arwdDxtm/postgres,authenticated=arwdDxtm/postgres,service_role=arwdDxtm/postgres}"
public,pam_galicia,true,"{postgres=arwdDxtm/postgres,anon=arwdDxtm/postgres,authenticated=arwdDxtm/postgres,service_role=arwdDxtm/postgres}"
public,pam_galicia_cc,false,"{postgres=arwdDxtm/postgres,anon=arwdDxtm/postgres,authenticated=arwdDxtm/postgres,service_role=arwdDxtm/postgres}"
public,pendientes_comentarios,true,"{postgres=arwdDxtm/postgres,anon=arwdDxtm/postgres,authenticated=arwdDxtm/postgres,service_role=arwdDxtm/postgres}"
public,pendientes_propuestos,true,"{postgres=arwdDxtm/postgres,anon=arwdDxtm/postgres,authenticated=arwdDxtm/postgres,service_role=arwdDxtm/postgres}"
public,precios_granos,true,"{postgres=arwdDxtm/postgres,anon=arwdDxtm/postgres,authenticated=arwdDxtm/postgres,service_role=arwdDxtm/postgres}"
public,precios_hacienda,true,"{postgres=arwdDxtm/postgres,anon=arwdDxtm/postgres,authenticated=arwdDxtm/postgres,service_role=arwdDxtm/postgres}"
public,presupuesto_cobertura_canales,false,"{postgres=arwdDxtm/postgres,anon=arwdDxtm/postgres,authenticated=arwdDxtm/postgres,service_role=arwdDxtm/postgres}"
public,presupuesto_config,true,"{postgres=arwdDxtm/postgres,anon=arwdDxtm/postgres,authenticated=arwdDxtm/postgres,service_role=arwdDxtm/postgres}"
public,presupuesto_cuenta_config,true,"{postgres=arwdDxtm/postgres,anon=arwdDxtm/postgres,authenticated=arwdDxtm/postgres,service_role=arwdDxtm/postgres}"
public,presupuesto_ganaderia,true,"{postgres=arwdDxtm/postgres,anon=arwdDxtm/postgres,authenticated=arwdDxtm/postgres,service_role=arwdDxtm/postgres}"
public,presupuesto_historia_canales,false,"{postgres=arwdDxtm/postgres,anon=arwdDxtm/postgres,authenticated=arwdDxtm/postgres,service_role=arwdDxtm/postgres}"
public,presupuesto_historia_cuenta_proveedor,false,"{postgres=arwdDxtm/postgres,anon=arwdDxtm/postgres,authenticated=arwdDxtm/postgres,service_role=arwdDxtm/postgres}"
public,presupuesto_historia_cuentas,false,"{postgres=arwdDxtm/postgres,anon=arwdDxtm/postgres,authenticated=arwdDxtm/postgres,service_role=arwdDxtm/postgres}"
public,presupuesto_huecos_marcas,false,"{postgres=arwdDxtm/postgres,anon=arwdDxtm/postgres,authenticated=arwdDxtm/postgres,service_role=arwdDxtm/postgres}"